timestamp,bed_id,patient_name,hr,spo2,sys_bp,dia_bp,rr,sqi,alarm_trigger,suppressed
2026-08-20 10:00:00,101,John Doe,72,98,120,80,16,96,FALSE,FALSE
2026-08-20 10:01:00,101,John Doe,75,97,122,82,17,95,FALSE,FALSE
2026-08-20 10:02:00,101,John Doe,145,95,132,86,18,94,TRUE,FALSE
2026-08-20 10:03:00,102,Sarah C.,84,93,118,76,18,94,FALSE,FALSE
2026-08-20 10:04:00,102,Sarah C.,86,88,116,74,20,92,TRUE,FALSE
2026-08-20 10:05:00,103,Robert M.,96,95,105,65,22,91,FALSE,FALSE
2026-08-20 10:06:00,103,Robert M.,98,94,102,62,24,90,FALSE,FALSE
2026-08-20 10:07:00,104,Elena R.,68,99,124,82,14,98,FALSE,FALSE
2026-08-20 10:08:00,101,John Doe,74,98,175,105,17,96,TRUE,FALSE
